country,price,currency,as_of,consumption_kwh_month,includes,source_url,licence,confidence,note
KG,1.64,KGS,2026-05,300,energy (flat block <=700 kWh); no fixed charge; VAT/sales-tax status unconfirmed,https://nesk.kg/ru/abonentam/tarif/,utility/regulator tariff (public regulatory document; rates are facts),medium,"Order No.103 of 2026-04-24: 1.64 som/kWh <=700 kWh, 2.94 above; ~1.87 if 12% VAT + ~2% sales tax are added on top (economist.kg says rates are listed without taxes)"
KZ,33.0,KZT,2026-09,300,energy incl. 16% VAT; no standing charge,https://www.esalmaty.kz/ru/home-tariffs,utility/regulator tariff (public regulatory document; rates are facts),medium,"national-ish midpoint of Astana-REK 28.12 (2026-07) and Almaty Alatau Zharyk 37.92 (2026-09-12), both incl. VAT; regions range ~24-45 KZT, see Zone candidates"
TJ,0.4137,TJS,2026-02,300,energy (flat household rate); no fixed charge found; VAT treatment unconfirmed,https://interfax.com/newsroom/top-stories/115538/,utility/regulator tariff (public regulatory document; rates are facts),medium,41.37 diram/kWh by government decree approved 2025-12-29; figures from news citing the decree
TM,0.025,TMT,2017-11,300,energy incl. VAT; no fixed charge,https://turkmenistan.gov.tm/en/post/9220/new-charges-for-gas-electricity-housing-and-communal-transport-and-communications-services,utility/regulator tariff (public regulatory document; rates are facts),low,2.50 manat per 100 kWh from the 2017 decree; free allowance abolished 2019; no later change found but not confirmed; official 3.50 TMT/USD vs street ~10x weaker
UZ,733.33,UZS,2026-06,300,energy blocks; no fixed charge; VAT believed included (not stated),https://www.spot.uz/ru/2026/05/15/energy-tariffs-up/,utility/regulator tariff (public regulatory document; rates are facts),high,"PKM-243 of 2026-05-15: 200x650 + 100x900 = 220,000 sum / 300 kWh"
CN,0.55,CNY,2026-10,300,energy (provincial tiered tariffs are VAT-inclusive; no fixed charge),https://english.beijing.gov.cn/livinginbeijing/housing/202005/t20200513_1895841.html,utility/regulator tariff (public regulatory document; rates are facts),low,"judgement inside the band of populous provinces (Beijing 0.498 at 300 kWh verified, Shanghai ~0.62 tier 1); no official national average fetched; see Zone candidates"
HK,1.43,HKD,2026-08,275,"energy blocks + fuel cost adjustment (45.0 c, Aug 2026); no sales tax; special 8 c fuel rebate (Aug-Oct 2026, eligible customers) not applied",https://www.clp.com.hk/content/dam/clphk/documents/tariff-adjustment-2026/Tariff%20Table%20-%20English_Update.pdf,utility/regulator tariff (public regulatory document; rates are facts),medium,"CLP (~80% of customers) 2026 residential tariff, 550 kWh bimonthly: (400x94.5 + 150x107.9 + 550x45.0) c = HK$787.35; HK Electric 275 kWh Jan 2026 = HK$352.1 = 1.28"
JP,36.8,JPY,2026-10,260,basic charge + energy + fuel cost adjustment + renewable levy + 10% consumption tax; national subsidy ended after Sep 2026 usage,https://www.tepco.co.jp/ep/private/fuelcost2/new/index-j.html,utility/regulator tariff (public regulatory document; rates are facts),medium,"TEPCO standard model (Juryo Dento B 30A, 260 kWh) JPY 9,561 for Oct 2026 usage (record high, reported 29 Sep 2026) / 260; ten-utility range 7,970 (Hokuriku) to 10,752 (Okinawa) per month"
KP,,KPW,,,,,,low,"gap: no published household tariff, regulator or dataset; supply state-allocated and rationed"
KR,192.5,KRW,2026-10,300,base charge + energy + climate-environment charge + fuel adjustment (+5) + 10% VAT + 2.7% electricity fund,https://cyber.kepco.co.kr/ckepco/front/jsp/CY/E/E/CYEEHP00101.jsp,utility/regulator tariff (public regulatory document; rates are facts),medium,"low-voltage residential, non-summer: 1,600 + 200x120 + 100x214.6 + 300x9 + 300x5 = 51,260; x1.10 VAT + 2.7% fund = ~57,760 KRW; high-voltage (apartment) ~165"
MN,248.95,MNT,2026-01,220,"energy blocks (incl. renewables levy) + monthly base charge 3,360 + 10% VAT",https://erc.gov.mn/mn/tariff-center,utility/regulator tariff (public regulatory document; rates are facts),high,"ERC central grid: (150x184 + 70x269 + 3,360) x 1.10 = 54,769 MNT / 220 kWh (ERC average household use); effective month in 2026 not confirmed; method reproduces ERC's 2024 example bill exactly"
MO,1.41,MOP,2026-07,250,"demand charge (6.9 kVA) + energy + tariff clause adjustment (0.36, Q3 2026) + government tax",https://www.cem-macau.com/en/customer-service/billing-service/tariff-group-a,utility/regulator tariff (public regulatory document; rates are facts),high,CEM tariff A1: 18.80 + 250x0.963 + 250x0.36 + 2.00 = MOP 351.55 / 250
TW,2.28,TWD,2025-10,345,"progressive energy blocks, 5% business tax included; no fixed charge",https://www.taipower.com.tw/2764/2804/2805/69043/normalPost,utility/regulator tariff (public regulatory document; rates are facts),medium,"annual average: (8 x NT$638 non-summer at 308 kWh + 4 x NT$1,084 summer at 418 kWh) / 4,136 kWh; non-summer alone 2.07, summer 2.59"
BN,0.038,BND,2012-01,1000,"energy blocks; no GST/VAT, no standing charge",https://www.des.gov.bn/electricity-tariff/,utility/regulator tariff (public regulatory document; rates are facts),low,"600x0.01 + 400x0.08 = B$38; tariff certain, 1,000 kWh/month typical use is an unsourced estimate (0.010 at <=600 kWh, 0.052 at 1,500)"
ID,1517,IDR,2026-07,200,"flat energy rate (R-1 1,300 VA non-subsidised Rp1,444.70) + PPJ street-lighting tax assumed 5%; no VAT up to 6,600 VA; no standing charge",https://money.kompas.com/read/2026/10/01/134318126/tarif-listrik-per-kwh-oktober-2026-cek-daftar-harga-semua-golongan,utility/regulator tariff (public regulatory document; rates are facts),medium,"Q3 2026 rates carried into October; PPJ set by regency (max 10%) gives 1,479-1,589; 900 VA subsidised households pay Rp605"
KH,610,KHR,2026-01,200,energy rate (51-200 kWh band); no fixed charge found; VAT treatment unverified,https://eac.gov.kh/uploads/tariff_decides/2026/032_សរ_26_Decision_on_consumer_tariff_for_EDC_2026_17_province_20260205074557.pdf,utility/regulator tariff (public regulatory document; rates are facts),medium,"EAC Decision 032/2026: 1-10 kWh 380, 11-50 480, 51-200 610, >200 730 riel; read as one rate for the whole bill (stepped reading gives 572.5)"
LA,1100,LAK,2026-08,200,energy; VAT-exempt up to 300 kWh from Sep 2026 bills; maintenance fee not included,https://laotiantimes.com/2026/09/11/laos-exempts-residential-electricity-use-up-to-300-kwh-from-vat/,utility/regulator tariff (public regulatory document; rates are facts),low,"estimate bracketed between known EDL tier rates (0-25 kWh LAK 807, >1,500 kWh 1,946 in Aug 2026); middle tiers not found; range ~1,000-1,200"
MM,112.5,MMK,2024-09,200,energy blocks only; meter fee and taxes unknown,https://elevenmyanmar.com/news/moep-announces-electricity-rate-increase-effective-sept-1,utility/regulator tariff (public regulatory document; rates are facts),low,"1-50 50, 51-100 100, 101-200 150, >200 300 kyat: 2,500 + 5,000 + 15,000 = 22,500 / 200 (stepped reading; 150 if whole-bill); unchanged as of Feb 2026 per news"
MY,0.2193,MYR,2026-10,300,"energy + capacity + network charges less energy-efficiency incentive; KWTBB, AFA, retail charge and SST do not apply at 300 kWh",https://www.mytnb.com.my/tariff/index.html,utility/regulator tariff (public regulatory document; rates are facts),high,"TNB Peninsular (Jul 2025 structure): 44.43 sen x 300 = 133.29 - EEI 22.5 sen x 300 = RM65.79; at 600 kWh 0.36 MYR/kWh; Sabah 0.23, Sarawak 0.25 at 300 kWh"
PH,14.7424,PHP,2026-09,200,"all-in Meralco overall rate: generation, transmission, system loss, distribution, supply/metering, universal charges, FIT-All, VAT, local taxes, lifeline subsidy, refunds applied",https://company.meralco.com.ph/news-and-advisories/lower-rates-september-2026,utility/regulator tariff (public regulatory document; rates are facts),high,"Meralco typical 200 kWh household, ~PHP 2,948; October 2026 advisory not yet published"
SG,0.3116,SGD,2026-10,300,flat regulated tariff (energy + network + market costs) incl. 9% GST; no standing charge; U-Save rebates not applied,https://www.spgroup.com.sg/about-us/media-resources/news-and-media-releases/Electricity-Tariff-Revision-for-the-Period-1-July-to-30-September-2027,utility/regulator tariff (public regulatory document; rates are facts),high,SP Group 1 Oct-31 Dec 2026: 28.59 c/kWh before GST x 1.09 = 31.16 c (URL slug is SP Group's own mislabel; page title reads 1 October to 31 December 2026)
TH,3.8846,THB,2026-09,300,energy blocks + 24.62 THB service charge + Ft 16.23 satang + 7% VAT,https://www.pea.co.th/sites/default/files/users/user34/attachments/Electricity_Tariff_SEP_2026_3.pdf,utility/regulator tariff (public regulatory document; rates are facts),high,"Type 1.1.2: 200x3.0000 + 100x4.1584 + 300x0.1623 + 24.62 = 1,089.15 x 1.07 = 1,165.39 THB"
TL,0.113,USD,2017-01,200,energy; no VAT; no fixed charge found (prepaid),https://www.adb.org/sites/default/files/linked-documents/49177-002-ssa.pdf,utility/regulator tariff (public regulatory document; rates are facts),low,Ministerial Diploma 1/2017 via ADB: 20x0.05 + 180x0.12 = US$22.60 / 200; not confirmed unchanged since 2017
VN,2662,VND,2025-05,300,6-tier energy charge + 8% VAT; no fixed charge,https://www.cskh.evnspc.vn/TraCuu/ThongTinGiaDien,utility/regulator tariff (public regulatory document; rates are facts),medium,"Decision 1279/QD-BCT: 50x1,984 + 50x2,050 + 100x2,380 + 100x2,998 = 739,500 x 1.08 = 798,660 VND; 2026 revision not ruled out"
