country,price,currency,as_of,consumption_kwh_month,includes,source_url,licence,confidence,note
AR,209.97,ARS,2026-10,300,"Edenor T1-R2 unsubsidised: fixed + energy; IVA 21%; national levy 0.6%. Excludes provincial/municipal levies",https://www.enre.gov.ar/web/tarifasd.nsf/todoscuadros/937BAA27CA170F3503258E820069D790?opendocument,"utility/regulator tariff (public regulatory document; rates are facts)",medium,"ENRE period 10/26, AMBA. With subsidy: 123.66/kWh"
BO,0.74,BOB,2023-11,200,"DELAPAZ D2-PD-BT minimum charge + blocks; taxes incl.",https://aetn.gob.bo/wp-content/uploads/2026/05/AETN-R-0658-27-23.pdf,"utility/regulator tariff (public regulatory document; rates are facts)",low,"AETN Res. 658/2023; indexation since not verified"
BR,1.09,BRL,2026-10,170,"Estimate: ANEEL average residential tariff grossed up for ICMS ~19% and PIS/COFINS ~5%; green flag assumed",https://www.pv-magazine-brasil.com/2026/03/17/aneel-projeta-aumento-tarifario-medio-de-8-em-2026/,"derived from ANEEL bulletin figures (public; rates are facts)",low,"Derived estimate; October flag unknown"
CL,242.1,CLP,2026-09,180,"CGE BT1 all charges incl. IVA 19%",https://www.cge.cl/wp-content/uploads/2026/09/Tarifas-de-Suministro-Electrico-vigentes-a-partir-del-1-de-septiembre-2026.pdf,"utility/regulator tariff (public regulatory document; rates are facts)",medium,"Puente Alto (Santiago region); Enel not reachable"
CO,863.61,COP,2026-08,300,"Enel Bogota estrato 4 unit cost; residential VAT-exempt",https://www.opscolombia.com/tarifas-energia/enel-codensa,"third-party transcription of utility tariff (rates are facts)",medium,"Cross-checked with EPM 801.33 / 958.38"
EC,0.0945,USD,2026-01,300,"EEQ Quito blocks + commercialisation charge; IVA 0%",https://www.cnelep.gob.ec/wp-content/uploads/2026/01/Resoluci%C3%B3n-Nro.-ARCONEL-029-2025-y-anexos-cert-signed.pdf,"utility/regulator tariff (public regulatory document; rates are facts)",medium,"ARCONEL 2026 schedule"
FK,0.35,FKP,2026-10,300,"flat unit price; no VAT",https://thinkfalklands.com/living-working/living-here/utilities-internet-mobile-networks/,"government-affiliated information page (rates are facts)",low,"Undated; last confirmed 39p (2022)"
GF,0.2426,EUR,2026-08,300,"EDF Tarif Bleu Base 6 kVA, all taxes; no VAT in Guyane",https://www.edf.gf/sites/sei_gf/files/2026-08/Tarif_Bleu_residentiel_TTC_Guyane_01082026.pdf,"utility/regulator tariff (public regulatory document; rates are facts)",high,""
GY,44.60,GYD,2021-04,300,"GPL Tariff A: fixed G$351.04 + G$43.43/kWh; VAT zero-rated",https://gplinc.com/bill/rates-and-tariffs/,"utility/regulator tariff (public regulatory document; rates are facts)",medium,"Rates from 2021 still current"
PE,0.835,PEN,2026-10,300,"Pluz BT5B incl. IGV + street-lighting levy",https://www.pluz.pe/,"utility/regulator tariff (public regulatory document; rates are facts)",high,"Osinergmin-regulated, Lima Norte, from 2026-10-04"
PY,365.45,PYG,2017-03,300,"ANDE category 142 band price; IVA incl. (assumed)",https://www.ande.gov.py/docs/tarifas/Pliego%20de%20Tarifas%20Nro%2021%20-%20Version%20Actualizada%2027-11-2024.pdf,"utility/regulator tariff (public regulatory document; rates are facts)",medium,"Unchanged through Nov-2024 revision"
SR,2.18,SRD,2024-12,300,"EBS 1.971 SRD/kWh + basic charge minus subsidy 150",https://nvebs.com/uploads/files/page/tarieven-december-2024-pdf.pdf,"utility/regulator tariff (public regulatory document; rates are facts)",low,"Likely understated: 2026 subsidy phase-out"
UY,12.19,UYU,2026-01,300,"UTE Residencial Simple blocks + 4.4 kW power + fixed; IVA 22%",https://www.ute.com.uy/sites/default/files/docs/Pliego%20Tarifario%20Enero%202026.pdf,"utility/regulator tariff (public regulatory document; rates are facts)",high,""
FJ,0.4491,FJD,2026-05,200,"energy 34.01 c + fuel surcharge 5.91 c + VAT 12.5%",https://efl.com.fj/your-home/accounts-and-billing/calculating-your-bill/,"utility/regulator tariff (public regulatory document; rates are facts)",medium,""
NC,71.53,XPF,2026-10,300,"EEC 46.58 F/kWh + fixed 30 A + meter fee + taxe communale 9% + TGC 3%",https://www.eec-engie.nc/institutionnel/eec-2/tarifs-eec-nouvelle-caledonie,"utility/regulator tariff (public regulatory document; rates are facts)",medium,"55.56 at 15 A"
PG,0.8455,PGK,2026-04,200,"Easipay prepaid 76.86 toea + GST 10%",https://www.pngpower.com.pg/docs/revised-2026-amended-tariff-schedule-2nd-quarter.pdf,"utility/regulator tariff (public regulatory document; rates are facts)",medium,""
SB,6.89,SBD,2026-09,200,"Solomon Power domestic blocks incl. fuel charge",https://solomonpower.com.sb/wp-content/uploads/2026/09/September-Charges.pdf,"utility/regulator tariff (public regulatory document; rates are facts)",medium,"Resets monthly; tax unverified"
VU,129.80,VUV,2026-09,200,"UNELCO Port Vila small domestic blocks + VAT 15%",https://ura.gov.vu/en/electricity/electricity-tariff,"utility/regulator tariff (public regulatory document; rates are facts)",low,"Date of P=67.79 unconfirmed"
PF,36.91,XPF,2024-01,231,"EDT Tahiti blocks + transport + municipal tax + CSE + VAT 5%; EXCLUDES subscription",https://www.service-public.pf/sde/wp-content/uploads/sites/15/2025/11/Bilan_energetique_de_la_Polynesie_francaise_-_edition_2024.pdf,"government statistical report (rates are facts)",low,"Real figure higher (subscription missing)"
FM,0.5459,USD,2026-07,200,"Chuuk PUC flat residential, no fixed charge",https://www.cpuc.fm/cpucs-current-tariffs-and-tariff-change-process,"utility/regulator tariff (public regulatory document; rates are facts)",medium,"Chuuk only; Yap 0.64"
GU,0.4101,USD,2026-10,1000,"GPA Schedule R + LEAC + charges",https://www.guampowerauthority.com/leac,"utility/regulator tariff (public regulatory document; rates are facts)",high,"0.4498 at 300 kWh"
MP,0.4863,USD,2026-10,300,"CUC customer charge + base + FAC",https://cucgov.org/,"utility/regulator tariff (public regulatory document; rates are facts)",high,""
AS,0.5065,USD,2026-08,300,"ASPA system rate + service charge",https://www.aspower.com/ASPAWEB/rates/202608_FS.pdf,"utility/regulator tariff (public regulatory document; rates are facts)",high,""
TO,1.1157,TOP,2026-07,300,"regulated tariff all-in as billed",https://matangitonga.to/2026/07/02/falling-diesel-prices-begin-lower-electricity-tariff,"utility/regulator tariff (public regulatory document; rates are facts)",medium,""
WS,0.6025,WST,2023-11,200,"EPC prepaid blocks",https://www.epc.ws/electricity-rates/,"utility/regulator tariff (public regulatory document; rates are facts)",medium,""
KI,0.616,AUD,2025-02,200,"PUB domestic band",https://pub.com.ki/revised-tariffs-effective-from-20th-february-2025/,"utility/regulator tariff (public regulatory document; rates are facts)",medium,""
NR,0.47,AUD,2026-10,300,"NUC residential prepaid",https://www.nuc.com.nr/services-4,"utility/regulator tariff (public regulatory document; rates are facts)",low,"Undated page"
MH,0.542,USD,2026-05,200,"MEC Majuro flat residential",https://islandtimes.org/majuro-reels-from-huge-power-rate-increase-as-government-steps-up-cash-programmes/,"utility/regulator tariff (public regulatory document; rates are facts)",low,"From news reports"
AU,0.41,AUD,2025-09,400,"effective price incl. supply charges + GST; rebates excluded",https://www.accc.gov.au/system/files/inquiry-national-electricity-market-report-june-2026.pdf,"CC BY 4.0 AU (ACCC report)",medium,"Weighted NSW/VIC/SEQ/SA + WA"
NZ,0.420,NZD,2026-05,667,"MBIE QSDEP total NZ, all charges + GST",https://figure.nz/table/ryd5zyqL6bEc9VWp/download,"CC BY 4.0 (MBIE data via Figure.NZ)",high,""
CX,0.42,AUD,2026-07,414,"WA A1 representative household (assumed to apply)",https://www.ourstatebudget.wa.gov.au/2026-27/budget-papers/bp3/2026-27-wa-state-budget-bp3.pdf,"WA Treasury budget paper (rates are facts)",low,"Assumes WA A1"
CC,0.42,AUD,2026-07,414,"WA A1 representative household (assumed to apply)",https://www.ourstatebudget.wa.gov.au/2026-27/budget-papers/bp3/2026-27-wa-state-budget-bp3.pdf,"WA Treasury budget paper (rates are facts)",low,"Assumes WA A1"
NF,0.88,AUD,2026-07,300,"flat fallback tariff + daily supply",https://www.nirc.gov.au/files/assets/public/v/1/corporate-and-finance/documents/fy-2026-27-nirc-fees-and-charges-report.pdf,"utility/regulator tariff (public regulatory document; rates are facts)",low,""
CK,0.83,NZD,2026-03,300,"Te Aponga Uira blocks + VAT 15%",https://teaponga.com/tau-removes-temporary-fuel-surcharge/,"utility/regulator tariff (public regulatory document; rates are facts)",medium,"Rarotonga"
TK,0.50,NZD,2026-06,148,"official CPI average retail price",https://www.tokelau.org.nz/site/tokelau/2026q2-cpi-tokelau-tables.xlsx,"official statistics (rates are facts)",medium,""
