code,name,currency,region,zone_label
AD,Andorra,EUR,Southern Europe,
AE,United Arab Emirates,AED,Western Asia,
AF,Afghanistan,AFN,Southern Asia,
AG,Antigua and Barbuda,XCD,Caribbean,
AI,Anguilla,XCD,Caribbean,
AL,Albania,ALL,Southern Europe,
AM,Armenia,AMD,Western Asia,
AO,Angola,AOA,Middle Africa,
AQ,Antarctica,USD,,
AR,Argentina,ARS,South America,
AS,American Samoa,USD,Polynesia,
AT,Austria,EUR,Western Europe,
AU,Australia,AUD,Australia and New Zealand,
AW,Aruba,AWG,Caribbean,
AX,Åland Islands,EUR,Northern Europe,
AZ,Azerbaijan,AZN,Western Asia,
BA,Bosnia and Herzegovina,BAM,Southern Europe,
BB,Barbados,BBD,Caribbean,
BD,Bangladesh,BDT,Southern Asia,
BE,Belgium,EUR,Western Europe,
BF,Burkina Faso,XOF,Western Africa,
BG,Bulgaria,EUR,Eastern Europe,
BH,Bahrain,BHD,Western Asia,
BI,Burundi,BIF,Eastern Africa,
BJ,Benin,XOF,Western Africa,
BL,Saint Barthélemy,EUR,Caribbean,
BM,Bermuda,BMD,Northern America,
BN,Brunei,BND,South-eastern Asia,
BO,Bolivia,BOB,South America,
BQ,Caribbean Netherlands,USD,Caribbean,
BR,Brazil,BRL,South America,
BS,Bahamas,BSD,Caribbean,
BT,Bhutan,BTN,Southern Asia,
BV,Bouvet Island,NOK,South America,
BW,Botswana,BWP,Southern Africa,
BY,Belarus,BYN,Eastern Europe,
BZ,Belize,BZD,Central America,
CA,Canada,CAD,Northern America,Province
CC,Cocos (Keeling) Islands,AUD,Australia and New Zealand,
CD,DR Congo,CDF,Middle Africa,
CF,Central African Republic,XAF,Middle Africa,
CG,Congo,XAF,Middle Africa,
CH,Switzerland,CHF,Western Europe,
CI,Côte d'Ivoire,XOF,Western Africa,
CK,Cook Islands,NZD,Polynesia,
CL,Chile,CLP,South America,
CM,Cameroon,XAF,Middle Africa,
CN,China,CNY,Eastern Asia,
CO,Colombia,COP,South America,
CR,Costa Rica,CRC,Central America,
CU,Cuba,CUP,Caribbean,
CV,Cabo Verde,CVE,Western Africa,
CW,Curaçao,XCG,Caribbean,
CX,Christmas Island,AUD,Australia and New Zealand,
CY,Cyprus,EUR,Western Asia,
CZ,Czechia,CZK,Eastern Europe,
DE,Germany,EUR,Western Europe,
DJ,Djibouti,DJF,Eastern Africa,
DK,Denmark,DKK,Northern Europe,
DM,Dominica,XCD,Caribbean,
DO,Dominican Republic,DOP,Caribbean,
DZ,Algeria,DZD,Northern Africa,
EC,Ecuador,USD,South America,
EE,Estonia,EUR,Northern Europe,
EG,Egypt,EGP,Northern Africa,
EH,Western Sahara,MAD,Northern Africa,
ER,Eritrea,ERN,Eastern Africa,
ES,Spain,EUR,Southern Europe,
ET,Ethiopia,ETB,Eastern Africa,
FI,Finland,EUR,Northern Europe,
FJ,Fiji,FJD,Melanesia,
FK,Falkland Islands,FKP,South America,
FM,Micronesia,USD,Micronesia,
FO,Faroe Islands,DKK,Northern Europe,
FR,France,EUR,Western Europe,
GA,Gabon,XAF,Middle Africa,
GB,United Kingdom,GBP,Northern Europe,
GD,Grenada,XCD,Caribbean,
GE,Georgia,GEL,Western Asia,
GF,French Guiana,EUR,South America,
GG,Guernsey,GBP,Northern Europe,
GH,Ghana,GHS,Western Africa,
GI,Gibraltar,GIP,Southern Europe,
GL,Greenland,DKK,Northern America,
GM,Gambia,GMD,Western Africa,
GN,Guinea,GNF,Western Africa,
GP,Guadeloupe,EUR,Caribbean,
GQ,Equatorial Guinea,XAF,Middle Africa,
GR,Greece,EUR,Southern Europe,
GS,South Georgia and the South Sandwich Islands,GBP,South America,
GT,Guatemala,GTQ,Central America,
GU,Guam,USD,Micronesia,
GW,Guinea-Bissau,XOF,Western Africa,
GY,Guyana,GYD,South America,
HK,Hong Kong,HKD,Eastern Asia,
HM,Heard Island and McDonald Islands,AUD,Australia and New Zealand,
HN,Honduras,HNL,Central America,
HR,Croatia,EUR,Southern Europe,
HT,Haiti,HTG,Caribbean,
HU,Hungary,HUF,Eastern Europe,
ID,Indonesia,IDR,South-eastern Asia,
IE,Ireland,EUR,Northern Europe,
IL,Israel,ILS,Western Asia,
IM,Isle of Man,GBP,Northern Europe,
IN,India,INR,Southern Asia,
IO,British Indian Ocean Territory,USD,Eastern Africa,
IQ,Iraq,IQD,Western Asia,المنطقة
IR,Iran,IRR,Southern Asia,
IS,Iceland,ISK,Northern Europe,
IT,Italy,EUR,Southern Europe,
JE,Jersey,GBP,Northern Europe,
JM,Jamaica,JMD,Caribbean,
JO,Jordan,JOD,Western Asia,
JP,Japan,JPY,Eastern Asia,
KE,Kenya,KES,Eastern Africa,
KG,Kyrgyzstan,KGS,Central Asia,
KH,Cambodia,KHR,South-eastern Asia,
KI,Kiribati,AUD,Micronesia,
KM,Comoros,KMF,Eastern Africa,
KN,Saint Kitts and Nevis,XCD,Caribbean,Island
KP,North Korea,KPW,Eastern Asia,
KR,South Korea,KRW,Eastern Asia,
KW,Kuwait,KWD,Western Asia,
KY,Cayman Islands,KYD,Caribbean,
KZ,Kazakhstan,KZT,Central Asia,Регион
LA,Laos,LAK,South-eastern Asia,
LB,Lebanon,USD,Western Asia,
LC,Saint Lucia,XCD,Caribbean,
LI,Liechtenstein,CHF,Western Europe,
LK,Sri Lanka,LKR,Southern Asia,
LR,Liberia,LRD,Western Africa,
LS,Lesotho,LSL,Southern Africa,
LT,Lithuania,EUR,Northern Europe,
LU,Luxembourg,EUR,Western Europe,
LV,Latvia,EUR,Northern Europe,
LY,Libya,LYD,Northern Africa,
MA,Morocco,MAD,Northern Africa,
MC,Monaco,EUR,Western Europe,
MD,Moldova,MDL,Eastern Europe,
ME,Montenegro,EUR,Southern Europe,
MF,Saint Martin (French part),EUR,Caribbean,
MG,Madagascar,MGA,Eastern Africa,
MH,Marshall Islands,USD,Micronesia,
MK,North Macedonia,MKD,Southern Europe,
ML,Mali,XOF,Western Africa,
MM,Myanmar,MMK,South-eastern Asia,
MN,Mongolia,MNT,Eastern Asia,
MO,Macao,MOP,Eastern Asia,
MP,Northern Mariana Islands,USD,Micronesia,
MQ,Martinique,EUR,Caribbean,
MR,Mauritania,MRU,Western Africa,
MS,Montserrat,XCD,Caribbean,
MT,Malta,EUR,Southern Europe,
MU,Mauritius,MUR,Eastern Africa,
MV,Maldives,MVR,Southern Asia,
MW,Malawi,MWK,Eastern Africa,
MX,Mexico,MXN,Central America,
MY,Malaysia,MYR,South-eastern Asia,
MZ,Mozambique,MZN,Eastern Africa,
NA,Namibia,NAD,Southern Africa,
NC,New Caledonia,XPF,Melanesia,
NE,Niger,XOF,Western Africa,
NF,Norfolk Island,AUD,Australia and New Zealand,
NG,Nigeria,NGN,Western Africa,
NI,Nicaragua,NIO,Central America,
NL,Netherlands,EUR,Western Europe,
NO,Norway,NOK,Northern Europe,Prisområde
NP,Nepal,NPR,Southern Asia,
NR,Nauru,AUD,Micronesia,
NU,Niue,NZD,Polynesia,
NZ,New Zealand,NZD,Australia and New Zealand,
OM,Oman,OMR,Western Asia,
PA,Panama,USD,Central America,
PE,Peru,PEN,South America,
PF,French Polynesia,XPF,Polynesia,
PG,Papua New Guinea,PGK,Melanesia,
PH,Philippines,PHP,South-eastern Asia,
PK,Pakistan,PKR,Southern Asia,
PL,Poland,PLN,Eastern Europe,
PM,Saint Pierre and Miquelon,EUR,Northern America,
PN,Pitcairn,NZD,Polynesia,
PR,Puerto Rico,USD,Caribbean,
PS,Palestine,ILS,Western Asia,
PT,Portugal,EUR,Southern Europe,
PW,Palau,USD,Micronesia,
PY,Paraguay,PYG,South America,
QA,Qatar,QAR,Western Asia,
RE,Réunion,EUR,Eastern Africa,
RO,Romania,RON,Eastern Europe,
RS,Serbia,RSD,Southern Europe,
RU,Russia,RUB,Eastern Europe,Регион
RW,Rwanda,RWF,Eastern Africa,
SA,Saudi Arabia,SAR,Western Asia,
SB,Solomon Islands,SBD,Melanesia,
SC,Seychelles,SCR,Eastern Africa,
SD,Sudan,SDG,Northern Africa,
SE,Sweden,SEK,Northern Europe,Elområde
SG,Singapore,SGD,South-eastern Asia,
SH,"Saint Helena, Ascension and Tristan da Cunha",SHP,Western Africa,
SI,Slovenia,EUR,Southern Europe,
SJ,Svalbard and Jan Mayen,NOK,Northern Europe,
SK,Slovakia,EUR,Eastern Europe,
SL,Sierra Leone,SLE,Western Africa,
SM,San Marino,EUR,Southern Europe,
SN,Senegal,XOF,Western Africa,
SO,Somalia,USD,Eastern Africa,Gobol
SR,Suriname,SRD,South America,
SS,South Sudan,SSP,Eastern Africa,
ST,Sao Tome and Principe,STN,Middle Africa,
SV,El Salvador,USD,Central America,
SX,Sint Maarten,XCG,Caribbean,
SY,Syria,SYP,Western Asia,
SZ,Eswatini,SZL,Southern Africa,
TC,Turks and Caicos Islands,USD,Caribbean,
TD,Chad,XAF,Middle Africa,
TF,French Southern Territories,EUR,Eastern Africa,
TG,Togo,XOF,Western Africa,
TH,Thailand,THB,South-eastern Asia,
TJ,Tajikistan,TJS,Central Asia,
TK,Tokelau,NZD,Polynesia,
TL,Timor-Leste,USD,South-eastern Asia,
TM,Turkmenistan,TMT,Central Asia,
TN,Tunisia,TND,Northern Africa,
TO,Tonga,TOP,Polynesia,
TR,Türkiye,TRY,Western Asia,
TT,Trinidad and Tobago,TTD,Caribbean,
TV,Tuvalu,AUD,Polynesia,
TW,Taiwan,TWD,Eastern Asia,
TZ,Tanzania,TZS,Eastern Africa,
UA,Ukraine,UAH,Eastern Europe,
UG,Uganda,UGX,Eastern Africa,
UM,US Minor Outlying Islands,USD,Micronesia,
US,United States,USD,Northern America,State
UY,Uruguay,UYU,South America,
UZ,Uzbekistan,UZS,Central Asia,
VA,Vatican City,EUR,Southern Europe,
VC,Saint Vincent and the Grenadines,XCD,Caribbean,
VE,Venezuela,VES,South America,
VG,British Virgin Islands,USD,Caribbean,
VI,US Virgin Islands,USD,Caribbean,
VN,Vietnam,VND,South-eastern Asia,
VU,Vanuatu,VUV,Melanesia,
WF,Wallis and Futuna,XPF,Polynesia,
WS,Samoa,WST,Polynesia,
XK,Kosovo,EUR,Southern Europe,
YE,Yemen,YER,Western Asia,
YT,Mayotte,EUR,Eastern Africa,
ZA,South Africa,ZAR,Southern Africa,
ZM,Zambia,ZMW,Eastern Africa,
ZW,Zimbabwe,ZWG,Eastern Africa,
