scope,currency,addon,vat,support_threshold,support_share,fixed_energy,source,as_of,confidence,note
AT,EUR,0.1594,0.2,,,,Eurostat nrg_pc_204 2025-S2 band DC excl. VAT minus Ember 2025-H2 mean wholesale (tools/eurostat.py); 2026 changes: docs/decisions/20261004-tariffs,2026-10,high,baseline 0.1736 + change -0.0142: 2026: Elektrizitätsabgabe 1.5 -> 0.1 c/kWh for 2026 only
BE,EUR,0.2496,0.06,,,,Eurostat nrg_pc_204 2025-S2 band DC excl. VAT minus Ember 2025-H2 mean wholesale (tools/eurostat.py); 2026 changes: docs/decisions/20261004-tariffs,2026-10,medium,baseline 0.2512 + change -0.0016: 2026-08-01: federal special excise 50.33 -> 48.76 EUR/MWh
BG,EUR,0.0134,0.2,,,,Eurostat nrg_pc_204 2025-S2 band DC excl. VAT minus Ember 2025-H2 mean wholesale (tools/eurostat.py); 2026 changes: docs/decisions/20261004-tariffs,2026-10,medium,baseline 0.0074 + change 0.006: regulated KEVR price +3.05% 2026-07-01; Eurostat BGN converted at 1.95583
CH,CHF,0.194,0.081,,,,ElCom strompreis.elcom.admin.ch 2026 median H4; Ember CH wholesale; 2026 changes: docs/decisions/20261004-tariffs,2026-10,medium,baseline 0.194 + change 0: no Eurostat: ElCom 2026 median H4 27.7 Rp/kWh excl. VAT minus Ember CH 2025-H2 (3 months) 88.8 EUR/MWh
CZ,CZK,3.7387,0.21,,,,Eurostat nrg_pc_204 2025-S2 band DC excl. VAT minus Ember 2025-H2 mean wholesale (tools/eurostat.py); 2026 changes: docs/decisions/20261004-tariffs,2026-10,high,"baseline 4.1587 + change -0.42: 2026-01-01: POZE renewables levy moved to state budget (-0.495), distribution +7%"
DE,EUR,0.2201,0.19,,,,Eurostat nrg_pc_204 2025-S2 band DC excl. VAT minus Ember 2025-H2 mean wholesale (tools/eurostat.py); 2026 changes: docs/decisions/20261004-tariffs,2026-10,high,"baseline 0.2367 + change -0.0166: 2026: federal subsidy to TSO grid fees (~-1.95 ct), KWKG/offshore levies +0.3 ct"
DK,DKK,0.6306,0.25,,,,Eurostat nrg_pc_204 2025-S2 band DC excl. VAT minus Ember 2025-H2 mean wholesale (tools/eurostat.py); 2026 changes: docs/decisions/20261004-tariffs,2026-10,high,"baseline 1.3626 + change -0.732: 2026-01-01: elafgift 72.0 -> 0.8 øre (2026-2027 only), Energinet tariffs 13.5 -> 11.5 øre"
EE,EUR,0.1224,0.24,,,,Eurostat nrg_pc_204 2025-S2 band DC excl. VAT minus Ember 2025-H2 mean wholesale (tools/eurostat.py); 2026 changes: docs/decisions/20261004-tariffs,2026-10,medium,"baseline 0.1095 + change 0.0129: 2026: security of supply charge 0.758 c, balancing capacity fee 0.373 c, excise 2.10 -> 3.07 EUR/MWh"
ES,EUR,0.1524,0.21,,,,Eurostat nrg_pc_204 2025-S2 band DC excl. VAT minus Ember 2025-H2 mean wholesale (tools/eurostat.py); 2026 changes: docs/decisions/20261004-tariffs,2026-10,medium,"baseline 0.1506 + change 0.0018: 2026-01-01: cargos 2.0TD +~10%, peajes -1.3%; electricity tax is 5.11% of the bill, folded in"
FI,EUR,0.1385,0.255,,,,Eurostat nrg_pc_204 2025-S2 band DC excl. VAT minus Ember 2025-H2 mean wholesale (tools/eurostat.py); 2026 changes: docs/decisions/20261004-tariffs,2026-10,high,baseline 0.1378 + change 0.0007: 2026-04-01: class I electricity tax 2.253 -> 2.325 c/kWh
FR,EUR,0.1575,0.2,,,,Eurostat nrg_pc_204 2025-S2 band DC excl. VAT minus Ember 2025-H2 mean wholesale (tools/eurostat.py); 2026 changes: docs/decisions/20261004-tariffs,2026-10,medium,baseline 0.1567 + change 0.0008: accise 30.62 EUR/MWh from 2026-08-01; TURPE 7 +3.04%
GR,EUR,0.1251,0.06,,,,Eurostat nrg_pc_204 2025-S2 band DC excl. VAT minus Ember 2025-H2 mean wholesale (tools/eurostat.py); 2026 changes: docs/decisions/20261004-tariffs,2026-10,medium,baseline 0.1251 + change 0: no household change found for 2026
HR,EUR,0.0578,0.13,,,,Eurostat nrg_pc_204 2025-S2 band DC excl. VAT minus Ember 2025-H2 mean wholesale (tools/eurostat.py); 2026 changes: docs/decisions/20261004-tariffs,2026-10,medium,"baseline 0.0428 + change 0.015: regulated energy price +15% 2025-11-01 (4 of 6 months not in baseline), network fees 2026-01-01"
HU,HUF,-8.7051,0.27,,,,Eurostat nrg_pc_204 2025-S2 band DC excl. VAT minus Ember 2025-H2 mean wholesale (tools/eurostat.py); 2026 changes: docs/decisions/20261004-tariffs,2026-10,medium,"baseline -8.7051 + change 0: regulated (rezsicsökkentés) price below wholesale, so the add-on is negative; unchanged for 2026"
IE,EUR,0.2763,0.09,,,,Eurostat nrg_pc_204 2025-S2 band DC excl. VAT minus Ember 2025-H2 mean wholesale (tools/eurostat.py); 2026 changes: docs/decisions/20261004-tariffs,2026-10,medium,"baseline 0.2673 + change 0.009: PSO levy down, network charges up 2025-10-01 and 2026-10-01"
IT,EUR,0.1558,0.1,,,,Eurostat nrg_pc_204 2025-S2 band DC excl. VAT minus Ember 2025-H2 mean wholesale (tools/eurostat.py); 2026 changes: docs/decisions/20261004-tariffs,2026-10,medium,baseline 0.1529 + change 0.0029: 2026-07-01: ASOS 0.028657 -> 0.031515 EUR/kWh
LT,EUR,0.0838,0.21,,,,Eurostat nrg_pc_204 2025-S2 band DC excl. VAT minus Ember 2025-H2 mean wholesale (tools/eurostat.py); 2026 changes: docs/decisions/20261004-tariffs,2026-10,medium,baseline 0.0762 + change 0.0076: 2026-01-01: ESO distribution +1.0 ct incl. VAT
LU,EUR,0.1203,0.08,,,,Eurostat nrg_pc_204 2025-S2 band DC excl. VAT minus Ember 2025-H2 mean wholesale (tools/eurostat.py); 2026 changes: docs/decisions/20261004-tariffs,2026-10,medium,baseline 0.1583 + change -0.038: state pays a third of grid costs from 2026; temporary 4 ct incl. VAT subsidy 2026-08-01 to 2026-12-31 (revisit in January)
LV,EUR,0.1203,0.21,,,,Eurostat nrg_pc_204 2025-S2 band DC excl. VAT minus Ember 2025-H2 mean wholesale (tools/eurostat.py); 2026 changes: docs/decisions/20261004-tariffs,2026-10,low,baseline 0.1173 + change 0.003: state compensation of distribution fees ended 2026-01-01 (fixed charges)
ME,EUR,-0.0275,0.21,,,,Eurostat nrg_pc_204 2025-S2 band DC excl. VAT minus Ember 2025-H2 mean wholesale (tools/eurostat.py); 2026 changes: docs/decisions/20261004-tariffs,2026-10,low,baseline -0.0315 + change 0.004: regulated; Ember ME 2025-H2 only 3 months; 2025 network discount not renewed
MK,MKD,-0.824,0.18,,,,Eurostat nrg_pc_204 2025-S2 band DC excl. VAT minus Ember 2025-H2 mean wholesale (tools/eurostat.py); 2026 changes: docs/decisions/20261004-tariffs,2026-10,low,"baseline -0.954 + change 0.13: regulated; no Ember MK series, wholesale taken from Serbia 2025-H2 (114 EUR/MWh); tariffs +2.5-3.8% 2026-01-01"
NL,EUR,0.1166,0.21,,,,Eurostat nrg_pc_204 2025-S2 band DC excl. VAT minus Ember 2025-H2 mean wholesale (tools/eurostat.py); 2026 changes: docs/decisions/20261004-tariffs,2026-10,high,baseline 0.1265 + change -0.0099: 2026: energiebelasting 0.10154 -> 0.09161 EUR/kWh
NO,NOK,1.2291,0.25,0.77,0.9,0.40,Eurostat nrg_pc_204 2025-S2 band DC excl. VAT minus Ember 2025-H2 mean wholesale (tools/eurostat.py); 2026 changes: docs/decisions/20261004-tariffs,2026-10,medium,"baseline 1.3051 + change -0.076: 2026: elavgift 7.13 øre flat (2025-H2 averaged 14.73); strømstøtte 90% above 77 øre excl. VAT, hourly; Norgespris 40 øre excl. VAT"
PL,PLN,0.5102,0.23,,,,Eurostat nrg_pc_204 2025-S2 band DC excl. VAT minus Ember 2025-H2 mean wholesale (tools/eurostat.py); 2026 changes: docs/decisions/20261004-tariffs,2026-10,medium,baseline 0.4836 + change 0.0266: price freeze ended 2025-12-31; capacity fee and OZE levy up 2026
PT,EUR,0.1427,0.148,,,,Eurostat nrg_pc_204 2025-S2 band DC excl. VAT minus Ember 2025-H2 mean wholesale (tools/eurostat.py); 2026 changes: docs/decisions/20261004-tariffs,2026-10,medium,"baseline 0.1397 + change 0.003: access tariffs +3.5% 2026; VAT is the effective rate (6% on the first band, 23% above), Eurostat ratio"
RO,RON,0.6967,0.21,,,,Eurostat nrg_pc_204 2025-S2 band DC excl. VAT minus Ember 2025-H2 mean wholesale (tools/eurostat.py); 2026 changes: docs/decisions/20261004-tariffs,2026-10,low,baseline 0.6767 + change 0.02: price cap ended 2025-07-01 (already in the 2025-S2 baseline); network tariffs +1-10% 2026-01-01
RS,RSD,-1.4384,0.2,,,,Eurostat nrg_pc_204 2025-S2 band DC excl. VAT minus Ember 2025-H2 mean wholesale (tools/eurostat.py); 2026 changes: docs/decisions/20261004-tariffs,2026-10,low,baseline -1.6884 + change 0.25: regulated; +6.6% 2025-10-01 (half in baseline); IMF-agreed rise expected after 2026-10-25
SE,SEK,1.8194,0.25,,,,Eurostat nrg_pc_204 2025-S2 band DC excl. VAT minus Ember 2025-H2 mean wholesale (tools/eurostat.py); 2026 changes: docs/decisions/20261004-tariffs,2026-10,high,baseline 1.8984 + change -0.079: 2026-01-01: energiskatt 43.9 -> 36.0 öre excl. VAT
SI,EUR,0.0908,0.22,,,,Eurostat nrg_pc_204 2025-S2 band DC excl. VAT minus Ember 2025-H2 mean wholesale (tools/eurostat.py); 2026 changes: docs/decisions/20261004-tariffs,2026-10,low,"baseline 0.0708 + change 0.02: OVE/SPTE contribution restored 2026-03-01, network tariffs +~36% 2026-03-01"
SK,EUR,0.0664,0.19,,,,Eurostat nrg_pc_204 2025-S2 band DC excl. VAT minus Ember 2025-H2 mean wholesale (tools/eurostat.py); 2026 changes: docs/decisions/20261004-tariffs,2026-10,medium,baseline 0.0566 + change 0.0098: regulated commodity price 61 -> 72.70 EUR/MWh 2026-01-01; network fees down
NO4,,,0,,,,"Merverdiavgiftsloven § 6-6: no VAT on household electricity in Nordland, Troms and Finnmark (most of NO4)",2026-10,medium,"NO4 also covers Namdal, which pays VAT"
SE1,,1.7234,,,,,"Energiskatt reduced by 9.6 öre in the 46 northern municipalities (Skatteverket), which cover nearly all of SE1",2026-10,medium,SE country add-on minus 0.096
SE2,,1.7714,,,,,"Energiskatt reduced by 9.6 öre in the northern municipalities, about half of SE2 by population",2026-10,low,SE country add-on minus 0.048
