country,zone,price,currency,as_of,source,licence,note
KZ,KZ-71,33.74,KZT,2026-07,"Astana-REK tier 2 (70-140 kWh, no electric stove) 33.74 incl. 16% VAT, valid from 2026-07-01; blended at 200 kWh: 70x24.81+70x33.74+60x42.18 = 6629.30 / 200 = 33.15 | https://astrec.kz/abonentam/tarify-dlia-fizicheskih-lits",utility/regulator tariff (public regulatory document; rates are facts),"high confidence; tier 2 rate as the price at typical use (~200 kWh/month, flat per kWh, no standing charge); Astana-REK applied to raise the household limit price ~19% (32.74 to 38.98 excl. VAT) from 2026-10-01; approval not found"
KZ,KZ-75,45.51,KZT,2026-09,"AZhK Energosbyt tier 2 39.23 excl. VAT x 1.16 = 45.51, from 2026-09-12 (unified household rate 37.92) | https://www.esalmaty.kz/ru/home-tariffs | https://vlast.kz/novosti/70802-v-almaty-i-almatinskoj-oblasti-s-12-sentabra-povysatsa-tarify-na-elektroenergiu.html",utility/regulator tariff (public regulatory document; rates are facts),"high confidence; tier 2 rate as the price at typical use (~200 kWh/month, flat per kWh, no standing charge)"
KZ,KZ-79,29.88,KZT,2026-08,"tier 2 incl. 16% VAT, no electric stove, as of 2026-08-17 | https://zhkh24.kz/ru/articles/skolko-stoit-svet-v-raznyh-regionah-kazahstana-tarify-dlya-naseleniya-v-2026-godu",utility/regulator tariff (public regulatory document; rates are facts),"medium confidence; tier 2 rate as the price at typical use (~200 kWh/month, flat per kWh, no standing charge)"
KZ,KZ-10,24.29,KZT,2026-08,"tier 2 incl. 16% VAT, no electric stove, as of 2026-08-17 | https://zhkh24.kz/ru/articles/skolko-stoit-svet-v-raznyh-regionah-kazahstana-tarify-dlya-naseleniya-v-2026-godu",utility/regulator tariff (public regulatory document; rates are facts),"medium confidence; tier 2 rate as the price at typical use (~200 kWh/month, flat per kWh, no standing charge)"
KZ,KZ-11,39.13,KZT,2026-08,"tier 2 incl. 16% VAT, no electric stove, as of 2026-08-17 | https://zhkh24.kz/ru/articles/skolko-stoit-svet-v-raznyh-regionah-kazahstana-tarify-dlya-naseleniya-v-2026-godu",utility/regulator tariff (public regulatory document; rates are facts),"medium confidence; tier 2 rate as the price at typical use (~200 kWh/month, flat per kWh, no standing charge)"
KZ,KZ-15,27.76,KZT,2026-08,"tier 2 incl. 16% VAT, no electric stove, as of 2026-08-17 | https://zhkh24.kz/ru/articles/skolko-stoit-svet-v-raznyh-regionah-kazahstana-tarify-dlya-naseleniya-v-2026-godu",utility/regulator tariff (public regulatory document; rates are facts),"medium confidence; tier 2 rate as the price at typical use (~200 kWh/month, flat per kWh, no standing charge)"
KZ,KZ-19,45.51,KZT,2026-09,"AZhK Energosbyt (serves Almaty city and oblast) tier 2 39.23 excl. VAT x 1.16 = 45.51, from 2026-09-12 | https://www.esalmaty.kz/ru/home-tariffs",utility/regulator tariff (public regulatory document; rates are facts),"high confidence; tier 2 rate as the price at typical use (~200 kWh/month, flat per kWh, no standing charge)"
KZ,KZ-23,34.13,KZT,2026-10,"Aug tier 2 31.03 incl. VAT x (new household base 24.52 / old 22.29 excl. VAT, from 2026-10-01) = 31.03 x 1.1000 = 34.13 | https://zhkh24.kz/ru/articles/skolko-stoit-svet-v-raznyh-regionah-kazahstana-tarify-dlya-naseleniya-v-2026-godu | https://digitalbusiness.kz/2026-10-01/chto-podorozhaet-v-kazahstane-s-1-oktyabrya-2026-goda/ | https://www.inform.kz/ru/noviy-tarif-na-elektroenergiyu-utverdili-v-atirauskoy-oblasti-35f83c09",utility/regulator tariff (public regulatory document; rates are facts),"medium confidence; tier 2 rate as the price at typical use (~200 kWh/month, flat per kWh, no standing charge)"
KZ,KZ-63,24.29,KZT,2026-08,"tier 2 incl. 16% VAT, no electric stove, as of 2026-08-17 | https://zhkh24.kz/ru/articles/skolko-stoit-svet-v-raznyh-regionah-kazahstana-tarify-dlya-naseleniya-v-2026-godu",utility/regulator tariff (public regulatory document; rates are facts),"medium confidence; tier 2 rate as the price at typical use (~200 kWh/month, flat per kWh, no standing charge)"
KZ,KZ-31,32.10,KZT,2026-08,"tier 2 incl. 16% VAT, no electric stove, as of 2026-08-17 | https://zhkh24.kz/ru/articles/skolko-stoit-svet-v-raznyh-regionah-kazahstana-tarify-dlya-naseleniya-v-2026-godu",utility/regulator tariff (public regulatory document; rates are facts),"medium confidence; tier 2 rate as the price at typical use (~200 kWh/month, flat per kWh, no standing charge)"
KZ,KZ-33,37.31,KZT,2026-08,"tier 2 incl. 16% VAT, no electric stove, as of 2026-08-17 | https://zhkh24.kz/ru/articles/skolko-stoit-svet-v-raznyh-regionah-kazahstana-tarify-dlya-naseleniya-v-2026-godu",utility/regulator tariff (public regulatory document; rates are facts),"medium confidence; tier 2 rate as the price at typical use (~200 kWh/month, flat per kWh, no standing charge)"
KZ,KZ-27,35.37,KZT,2026-10,"Aug tier 2 33.69 incl. VAT x (household rate 30.49 / 29.04 excl. VAT, from 2026-10-01) = 33.69 x 1.0499 = 35.37 | https://zhkh24.kz/ru/articles/skolko-stoit-svet-v-raznyh-regionah-kazahstana-tarify-dlya-naseleniya-v-2026-godu | https://bes.media/news/v-zko-s-1-oktyabrya-podnimut-tarif-na-elektroenergiyu-dlya-naseleniya/",utility/regulator tariff (public regulatory document; rates are facts),"low confidence; tier 2 rate as the price at typical use (~200 kWh/month, flat per kWh, no standing charge); the Oct household base (30.49) does not reconcile with the Aug tier 2 (33.69 incl. VAT = 29.04 excl.), so the scaling is approximate"
KZ,KZ-35,27.71,KZT,2026-08,"tier 2 incl. 16% VAT, no electric stove, as of 2026-08-17 | https://zhkh24.kz/ru/articles/skolko-stoit-svet-v-raznyh-regionah-kazahstana-tarify-dlya-naseleniya-v-2026-godu",utility/regulator tariff (public regulatory document; rates are facts),"medium confidence; tier 2 rate as the price at typical use (~200 kWh/month, flat per kWh, no standing charge)"
KZ,KZ-39,41.99,KZT,2026-08,"tier 2 incl. 16% VAT, no electric stove, as of 2026-08-17 | https://zhkh24.kz/ru/articles/skolko-stoit-svet-v-raznyh-regionah-kazahstana-tarify-dlya-naseleniya-v-2026-godu",utility/regulator tariff (public regulatory document; rates are facts),"medium confidence; tier 2 rate as the price at typical use (~200 kWh/month, flat per kWh, no standing charge)"
KZ,KZ-43,35.45,KZT,2026-08,"tier 2 incl. 16% VAT, no electric stove, as of 2026-08-17 | https://zhkh24.kz/ru/articles/skolko-stoit-svet-v-raznyh-regionah-kazahstana-tarify-dlya-naseleniya-v-2026-godu",utility/regulator tariff (public regulatory document; rates are facts),"medium confidence; tier 2 rate as the price at typical use (~200 kWh/month, flat per kWh, no standing charge)"
KZ,KZ-47,23.98,KZT,2026-08,"tier 2 incl. 16% VAT, no electric stove, as of 2026-08-17 | https://zhkh24.kz/ru/articles/skolko-stoit-svet-v-raznyh-regionah-kazahstana-tarify-dlya-naseleniya-v-2026-godu",utility/regulator tariff (public regulatory document; rates are facts),"medium confidence; tier 2 rate as the price at typical use (~200 kWh/month, flat per kWh, no standing charge)"
KZ,KZ-55,31.61,KZT,2026-10,"Aug tier 2 30.11 incl. VAT x (household base 22.71 / 21.63 excl. VAT, from 2026-10-01) = 30.11 x 1.0499 = 31.61 | https://zhkh24.kz/ru/articles/skolko-stoit-svet-v-raznyh-regionah-kazahstana-tarify-dlya-naseleniya-v-2026-godu | https://digitalbusiness.kz/2026-10-01/chto-podorozhaet-v-kazahstane-s-1-oktyabrya-2026-goda/",utility/regulator tariff (public regulatory document; rates are facts),"medium confidence; tier 2 rate as the price at typical use (~200 kWh/month, flat per kWh, no standing charge)"
KZ,KZ-59,23.86,KZT,2026-08,"SEVKAZENERGO tier 2 incl. 16% VAT, no electric stove, as of 2026-08-17 | https://zhkh24.kz/ru/articles/skolko-stoit-svet-v-raznyh-regionah-kazahstana-tarify-dlya-naseleniya-v-2026-godu",utility/regulator tariff (public regulatory document; rates are facts),"medium confidence; tier 2 rate as the price at typical use (~200 kWh/month, flat per kWh, no standing charge); a ~15% average rise was requested (qaz-media.kz); not found approved"
KZ,KZ-61,29.88,KZT,2026-08,"tier 2 incl. 16% VAT, no electric stove, as of 2026-08-17 | https://zhkh24.kz/ru/articles/skolko-stoit-svet-v-raznyh-regionah-kazahstana-tarify-dlya-naseleniya-v-2026-godu",utility/regulator tariff (public regulatory document; rates are facts),"medium confidence; tier 2 rate as the price at typical use (~200 kWh/month, flat per kWh, no standing charge)"
KZ,KZ-62,26.22,KZT,2026-08,"tier 2 incl. 16% VAT, no electric stove, as of 2026-08-17 | https://zhkh24.kz/ru/articles/skolko-stoit-svet-v-raznyh-regionah-kazahstana-tarify-dlya-naseleniya-v-2026-godu",utility/regulator tariff (public regulatory document; rates are facts),"medium confidence; tier 2 rate as the price at typical use (~200 kWh/month, flat per kWh, no standing charge)"
IQ,IQ-KR,82.74,IQD,2025-05,"Runaki household blocks 72 IQD (0-400 kWh), 108 (401-800); at 570 kWh/month: 400x72 + 170x108 = 28,800 + 18,360 = 47,160 IQD / 570 = 82.74; no fixed charge or VAT found | https://en.964media.com/35966/ | https://en.964media.com/45190/ | https://runaki.gov.krd/en/",utility/regulator tariff (public regulatory document; rates are facts),"medium confidence; at 570 kWh/month (Feb 2026 median Runaki bill: <853 kWh over a ~45-day cycle = ~570/month, KRG MoE); 72 at 400 kWh or less; Runaki 24-hour supply covers >90% of the region; temporary e-payment discounts excluded"
IQ,IQ-FED,10.00,IQD,2025-07,Ministry of Electricity residential block 1-1500 kWh at 10 IQD; no fixed charge or VAT found | https://web.archive.org/web/20250709013453/https://moelc.gov.iq/?calculation,utility/regulator tariff (public regulatory document; rates are facts),"high confidence; at 300 kWh/month (any use to 1,500 gives 10); grid only: most households also pay neighbourhood generators (~20,000 IQD per amp per month), not included; unconfirmed 3,000 IQD/bill fee excluded"
SO,SO-BN,0.41,USD,2023-01,"BECO household rate $0.41/kWh flat (2023; BGS Fig. 2: 'maximum for household $0.41', all-customer average $0.36) | https://bgs.so/wp-content/uploads/2025/10/Navigating-Non-Technical-Barriers-to-Affordable-Electricity-in-Somalia.pdf | https://wardheernews.com/somalia-powers-ahead-with-affordable-renewable-energy/","Barkhadle Global Studies report, Oct 2025 (publicly posted PDF)","low confidence; flat per kWh, any use; BECO (main Mogadishu provider); no 2024-26 BECO tariff found"
SO,SO-JUB,0.90,USD,2023-01,"2023 state average $0.90/kWh (BGS Fig. 1, from Shuraako and NTP 2025); main city Kismayo | https://bgs.so/wp-content/uploads/2025/10/Navigating-Non-Technical-Barriers-to-Affordable-Electricity-in-Somalia.pdf","Barkhadle Global Studies report, Oct 2025 (publicly posted PDF)","low confidence; flat per kWh, any use; survey average, not a provider schedule"
SO,SO-SWS,0.70,USD,2023-01,"2023 state average $0.70/kWh (BGS Fig. 1, from Shuraako and NTP 2025); main city Baidoa | https://bgs.so/wp-content/uploads/2025/10/Navigating-Non-Technical-Barriers-to-Affordable-Electricity-in-Somalia.pdf","Barkhadle Global Studies report, Oct 2025 (publicly posted PDF)","low confidence; flat per kWh, any use; survey average, not a provider schedule"
SO,SO-HIR,1.00,USD,2023-01,"2023 state average $1.00/kWh (BGS Fig. 1, from Shuraako and NTP 2025); main cities Jowhar, Beledweyne | https://bgs.so/wp-content/uploads/2025/10/Navigating-Non-Technical-Barriers-to-Affordable-Electricity-in-Somalia.pdf","Barkhadle Global Studies report, Oct 2025 (publicly posted PDF)","low confidence; flat per kWh, any use; survey average, not a provider schedule"
SO,SO-GAL,1.00,USD,2023-01,"2023 state average $1.00/kWh (BGS Fig. 1, from Shuraako and NTP 2025); main cities Galkayo (south), Dhusamareb | https://bgs.so/wp-content/uploads/2025/10/Navigating-Non-Technical-Barriers-to-Affordable-Electricity-in-Somalia.pdf","Barkhadle Global Studies report, Oct 2025 (publicly posted PDF)","low confidence; flat per kWh, any use; survey average, not a provider schedule"
SO,SO-PUN,0.79,USD,2025-08,"Bosaso (largest city), PEPCO $0.79/kWh (Somali Public Agenda, Aug 2025); Garowe ~$0.59 | https://somalipublicagenda.org/wp-content/uploads/2025/08/SPA_Governance_Briefs_36_2025_ENGLISH1.pdf",Somali Public Agenda governance brief (publicly posted PDF),"low confidence; flat per kWh, any use; reported price, not a published schedule; BGS 2023 state average $1.00"
SO,SO-SML,0.59,USD,2025-12,"Ministry of Energy and Minerals tariff $0.59/kWh for cities except Berbera (was $0.73), from 2025-12-01; main city Hargeisa | https://www.geeska.com/en/somaliland-cuts-electricity-tariffs-ease-energy-costs | https://www.somalilandcurrent.com/somaliland-government-announces-significant-reduction-in-national-electricity-tariff/",press report of a ministry tariff decision,"medium confidence; flat per kWh, any use; government-set cap tied to subsidised fuel; Berbera has its own lower rate"
KN,KN-K,0.70,XCD,2026-06,"SKELEC domestic energy 50x0.59 + 100x0.65 + 150x0.68 = 29.50 + 65.00 + 102.00 = 196.50, + demand charge 13.00 (one 15 A unit) = 209.50 / 300 = 0.698; Fuel Variation Charge government-subsidised (credited on bill); no VAT on electricity | https://www.skelec.kn/wp-content/uploads/2024/09/ElectricityTariffStructure-Jan2011-scaled.jpg | https://www.skelec.kn/skelec-bills-will-now-show-the-value-of-the-fuel-variation-charge/ | https://www.winnmediaskn.com/nevis-premier-says-cap-on-fuel-surcharge-to-be-removed-due-to-continued-global-volatility/",utility/regulator tariff (public regulatory document; rates are facts),"medium confidence; at 300 kWh/month; subsidy still in force per Energy Minister Maynard, June 2026 (residential tariff below fuel cost, government covering the difference); tariff dated Jan 2011; a 60 A service (4 demand units) gives 0.83"
KN,KN-N,1.57,XCD,2026-09,"NEVLEC energy 50x0.65 + 75x0.70 + 175x0.75 = 32.50 + 52.50 + 131.25 = 216.25, + standing charge 18.00 (above 250 kWh) + fuel surcharge 300x0.79 = 237.00 = 471.25 / 300 = 1.571; no VAT on electricity | https://www.nevlec.com/residential/your-bill/electricity-rates/ | https://www.nevlec.com/wp-content/uploads/2026/09/UnderstandingYourResidentialBill.png | https://www.nevlec.com/important-notice-to-customers-fuel-surcharge-adjustment-effective-june-2026/",utility/regulator tariff (public regulatory document; rates are facts),"medium confidence; at 300 kWh/month; fuel surcharge reinstated June 2026 (0.69), 0.79 in NEVLEC's Sept 2026 bill guide; it moves monthly"
