country,id,name,area,weight,weight_source
KZ,KZ-71,Астана,,0.075042,"Bureau of National Statistics population 1 Dec 2024 (ru.wikipedia, Административно-территориальное деление Казахстана)"
KZ,KZ-75,Алматы,,0.11282,"Bureau of National Statistics population 1 Dec 2024 (ru.wikipedia, Административно-территориальное деление Казахстана)"
KZ,KZ-79,Шымкент,,0.061844,"Bureau of National Statistics population 1 Dec 2024 (ru.wikipedia, Административно-территориальное деление Казахстана)"
KZ,KZ-10,область Абай,,0.029772,"Bureau of National Statistics population 1 Dec 2024 (ru.wikipedia, Административно-территориальное деление Казахстана)"
KZ,KZ-11,Акмолинская область,,0.038879,"Bureau of National Statistics population 1 Dec 2024 (ru.wikipedia, Административно-территориальное деление Казахстана)"
KZ,KZ-15,Актюбинская область,,0.046828,"Bureau of National Statistics population 1 Dec 2024 (ru.wikipedia, Административно-территориальное деление Казахстана)"
KZ,KZ-19,Алматинская область,,0.076877,"Bureau of National Statistics population 1 Dec 2024 (ru.wikipedia, Административно-территориальное деление Казахстана)"
KZ,KZ-23,Атырауская область,,0.035049,"Bureau of National Statistics population 1 Dec 2024 (ru.wikipedia, Административно-территориальное деление Казахстана)"
KZ,KZ-63,Восточно-Казахстанская область,,0.035731,"Bureau of National Statistics population 1 Dec 2024 (ru.wikipedia, Административно-территориальное деление Казахстана)"
KZ,KZ-31,Жамбылская область,,0.06032,"Bureau of National Statistics population 1 Dec 2024 (ru.wikipedia, Административно-территориальное деление Казахстана)"
KZ,KZ-33,область Жетісу,,0.034292,"Bureau of National Statistics population 1 Dec 2024 (ru.wikipedia, Административно-территориальное деление Казахстана)"
KZ,KZ-27,Западно-Казахстанская область,,0.034331,"Bureau of National Statistics population 1 Dec 2024 (ru.wikipedia, Административно-территориальное деление Казахстана)"
KZ,KZ-35,Карагандинская область,,0.055958,"Bureau of National Statistics population 1 Dec 2024 (ru.wikipedia, Административно-территориальное деление Казахстана)"
KZ,KZ-39,Костанайская область,,0.040746,"Bureau of National Statistics population 1 Dec 2024 (ru.wikipedia, Административно-территориальное деление Казахстана)"
KZ,KZ-43,Кызылординская область,,0.041746,"Bureau of National Statistics population 1 Dec 2024 (ru.wikipedia, Административно-территориальное деление Казахстана)"
KZ,KZ-47,Мангистауская область,,0.039655,"Bureau of National Statistics population 1 Dec 2024 (ru.wikipedia, Административно-территориальное деление Казахстана)"
KZ,KZ-55,Павлодарская область,,0.037091,"Bureau of National Statistics population 1 Dec 2024 (ru.wikipedia, Административно-территориальное деление Казахстана)"
KZ,KZ-59,Северо-Казахстанская область,,0.025793,"Bureau of National Statistics population 1 Dec 2024 (ru.wikipedia, Административно-территориальное деление Казахстана)"
KZ,KZ-61,Туркестанская область,,0.106305,"Bureau of National Statistics population 1 Dec 2024 (ru.wikipedia, Административно-территориальное деление Казахстана)"
KZ,KZ-62,область Ұлытау,,0.010921,"Bureau of National Statistics population 1 Dec 2024 (ru.wikipedia, Административно-территориальное деление Казахстана)"
IQ,IQ-KR,إقليم كوردستان,,0.141355,"2024 census final results: Kurdistan Region 6,519,129 of 46,118,793 (peregraf.com/en/news/10297)"
IQ,IQ-FED,محافظات العراق الأخرى,,0.858645,"2024 census final results: 46,118,793 minus Kurdistan Region 6,519,129"
SO,SO-BN,Banaadir (Muqdisho),,0.16919,"OCHA Somalia subnational population estimates 2025 (18 regions, via en.wikipedia Regions of Somalia), mapped to member states; Mudug, Sool, Sanaag split 50/50"
SO,SO-JUB,Jubaland,,0.137116,"OCHA Somalia subnational population estimates 2025 (18 regions, via en.wikipedia Regions of Somalia), mapped to member states; Mudug, Sool, Sanaag split 50/50"
SO,SO-SWS,Koonfur Galbeed,,0.180994,"OCHA Somalia subnational population estimates 2025 (18 regions, via en.wikipedia Regions of Somalia), mapped to member states; Mudug, Sool, Sanaag split 50/50"
SO,SO-HIR,Hirshabeelle,,0.081189,"OCHA Somalia subnational population estimates 2025 (18 regions, via en.wikipedia Regions of Somalia), mapped to member states; Mudug, Sool, Sanaag split 50/50"
SO,SO-GAL,Galmudug,,0.082773,"OCHA Somalia subnational population estimates 2025 (18 regions, via en.wikipedia Regions of Somalia), mapped to member states; Mudug, Sool, Sanaag split 50/50"
SO,SO-PUN,Puntland,,0.165142,"OCHA Somalia subnational population estimates 2025 (18 regions, via en.wikipedia Regions of Somalia), mapped to member states; Mudug, Sool, Sanaag split 50/50"
SO,SO-SML,Somaliland,,0.183596,"OCHA Somalia subnational population estimates 2025 (18 regions, via en.wikipedia Regions of Somalia), mapped to member states; Mudug, Sool, Sanaag split 50/50"
KN,KN-K,St Kitts,,0.743141,"2022 Population and Housing Census summary report: St Kitts 38,138 of 51,320"
KN,KN-N,Nevis,,0.256859,"2022 Population and Housing Census summary report: Nevis 13,182 of 51,320"
